ID,Name,Age,City
1,Person_1,21,City_1
2,Person_2,22,City_2
3,Person_3,23,City_3
4,Person_4,24,City_4
5,Person_5,25,City_0
6,Person_6,26,City_1
7,Person_7,27,City_2
8,Person_8,28,City_3
9,Person_9,29,City_4
10,Person_10,20,City_0
11,Person_11,21,City_1
12,Person_12,22,City_2
13,Person_13,23,City_3
14,Person_14,24,City_4
15,Person_15,25,City_0
16,Person_16,26,City_1
17,Person_17,27,City_2
18,Person_18,28,City_3
19,Person_19,29,City_4
20,Person_20,20,City_0
21,Person_21,21,City_1
22,Person_22,22,City_2
23,Person_23,23,City_3
24,Person_24,24,City_4
25,Person_25,25,City_0